{"cameraMode":{"drawMode":0,"name":"Shaded","section":"Shading Mode"},"sceneLighting":true,"audioPlay":false,"sceneViewState":{"showFog":true,"showMaterialUpdate":false,"showSkybox":true,"showFlares":true,"showImageEffects":true,"showParticleSystems":true},"in2DMode":false,"pivot":{"x":14.335100173950196,"y":4.5530500411987309,"z":-7.918689727783203},"rotation":{"x":-0.003309602616354823,"y":-0.0039029482286423446,"z":0.000013083194062346593,"w":-0.999977707862854},"size":4.784771919250488,"orthographic":false}