{"cameraMode":{"drawMode":0,"name":"Shaded","section":"Shading Mode"},"sceneLighting":true,"audioPlay":false,"sceneViewState":{"showFog":true,"showMaterialUpdate":false,"showSkybox":true,"showFlares":true,"showImageEffects":true,"showParticleSystems":true},"in2DMode":false,"pivot":{"x":11.135936737060547,"y":6.120847225189209,"z":-4.207853317260742},"rotation":{"x":-0.0018094622064381838,"y":-0.015902437269687654,"z":0.00002875818063330371,"w":-0.999872088432312},"size":4.599996566772461,"orthographic":false}