{"cameraMode":{"drawMode":0,"name":"Shaded","section":"Shading Mode"},"sceneLighting":true,"audioPlay":false,"sceneViewState":{"showFog":true,"showMaterialUpdate":false,"showSkybox":true,"showFlares":true,"showImageEffects":true,"showParticleSystems":true},"in2DMode":false,"pivot":{"x":19.572223663330079,"y":7.201174736022949,"z":-4.526592254638672},"rotation":{"x":-0.00330961961299181,"y":-0.0054030329920351509,"z":0.00001786399843695108,"w":-0.999972403049469},"size":9.415873527526856,"orthographic":false}